{"cameraMode":{"drawMode":0,"name":"Shaded","section":"Shading Mode"},"sceneLighting":false,"audioPlay":false,"sceneViewState":{"m_AlwaysRefresh":false,"showFog":true,"showSkybox":false,"showFlares":true,"showImageEffects":true,"showParticleSystems":true,"showVisualEffectGraphs":true,"m_FxEnabled":true},"in2DMode":false,"pivot":{"x":18.813852310180665,"y":12.16851806640625,"z":-24.88864517211914},"rotation":{"x":-0.10462187230587006,"y":-0.059327371418476108,"z":0.0062797958962619308,"w":-0.9927477836608887},"size":4.67296838760376,"orthographic":true}