{"cameraMode":{"drawMode":0,"name":"Shaded","section":"Shading Mode"},"sceneLighting":false,"audioPlay":false,"sceneViewState":{"m_AlwaysRefresh":false,"showFog":true,"showSkybox":false,"showFlares":true,"showImageEffects":true,"showParticleSystems":true,"showVisualEffectGraphs":true,"m_FxEnabled":true},"in2DMode":false,"pivot":{"x":18.50965118408203,"y":14.102123260498047,"z":-40.689998626708987},"rotation":{"x":-0.07642712444067002,"y":0.003299838164821267,"z":-0.00022198475198820233,"w":-0.9970924258232117},"size":12.12435531616211,"orthographic":false}