{"cameraMode":{"drawMode":0,"name":"Shaded","section":"Shading Mode"},"sceneLighting":false,"audioPlay":false,"sceneViewState":{"m_AlwaysRefresh":false,"showFog":true,"showSkybox":false,"showFlares":true,"showImageEffects":true,"showParticleSystems":true,"showVisualEffectGraphs":true,"m_FxEnabled":true},"in2DMode":false,"pivot":{"x":18.5096492767334,"y":7.029999732971191,"z":-23.252334594726564},"rotation":{"x":-0.07642712444067002,"y":0.003299838164821267,"z":-0.00022198475198820233,"w":-0.9970924258232117},"size":10.212868690490723,"orthographic":false}